handle,platform,source,notes,followers_est
datguy_jayd,instagram,h2n top followers,,1589
crystalmonique525,instagram,h2n top followers,,1245
original_detroit_slim,instagram,h2n top followers,,234
oralwayne,instagram,h2n top followers,,652
mar_jilla,instagram,h2n top followers,,2246
maybelle.derry,instagram,h2n top followers,,819
just_jeanice_,instagram,h2n top followers,,1270
pretty_lips10,instagram,h2n top followers,,2632
reallaurenh,instagram,h2n top followers,,1700
1hottcommodity_,instagram,h2n top followers,,1585
dan_be24,instagram,h2n top followers,,11300
jmarienaturally,instagram,h2n top followers,,1759
soullifta,instagram,h2n top followers,,43100
latheesti_,instagram,h2n top followers,,1669
leslierenee100,instagram,h2n top followers,,514
bellaty32,instagram,h2n top followers,,2929
lovewisdom84,instagram,h2n top followers,,3660
brianajanee__,instagram,h2n top followers,,2867
trueplayerphotography,instagram,h2n top followers,,1519
alexdagreat6891,instagram,h2n top followers,,2007
candlehoe_,instagram,h2n top followers,,2842
heritageglow07,instagram,h2n top followers,,1290
tankdilla,instagram,h2n top followers,,1400